{"cameraMode":{"drawMode":0,"name":"Shaded","section":"Shading Mode"},"sceneLighting":true,"audioPlay":false,"sceneViewState":{"showFog":true,"showMaterialUpdate":false,"showSkybox":true,"showFlares":true,"showImageEffects":true,"showParticleSystems":true},"in2DMode":false,"pivot":{"x":87.4954605102539,"y":-103.41305541992188,"z":7.73196268081665},"rotation":{"x":0.007463566493242979,"y":0.9909580945968628,"z":-0.1185329258441925,"w":0.062419988214969638},"size":618.1875610351563,"orthographic":false}