{"cameraMode":{"drawMode":0,"name":"Shaded","section":"Shading Mode"},"sceneLighting":true,"audioPlay":false,"sceneViewState":{"showFog":true,"showMaterialUpdate":false,"showSkybox":true,"showFlares":true,"showImageEffects":true,"showParticleSystems":true},"in2DMode":false,"pivot":{"x":318.34149169921877,"y":-33.951656341552737,"z":482.6728515625},"rotation":{"x":0.05064138397574425,"y":0.8425989151000977,"z":0.08050210028886795,"w":-0.5300773978233337},"size":8.790607452392579,"orthographic":false}