{"cameraMode":{"drawMode":0,"name":"Shaded","section":"Shading Mode"},"sceneLighting":true,"audioPlay":false,"sceneViewState":{"showFog":true,"showMaterialUpdate":false,"showSkybox":true,"showFlares":true,"showImageEffects":true,"showParticleSystems":true},"in2DMode":false,"pivot":{"x":-28.148019790649415,"y":-63.09998321533203,"z":824.914794921875},"rotation":{"x":0.0016930772690102459,"y":-0.9431818723678589,"z":0.33223798871040347,"w":0.0048003485426306728},"size":0.8131088614463806,"orthographic":false}